ID_Mahasiswa,Beban_Tugas,Jam_Tidur,Tingkat_Stres
Mahasiswa_522,5.0,6.3,Sedang
Mahasiswa_738,8.0,3.7,Tinggi
Mahasiswa_741,9.5,1.5,Tinggi
Mahasiswa_661,4.7,5.3,Sedang
Mahasiswa_412,5.0,5.8,Sedang
Mahasiswa_679,9.7,2.7,Tinggi
Mahasiswa_627,4.4,5.3,Sedang
Mahasiswa_514,6.6,6.7,Sedang
Mahasiswa_860,10.0,2.0,Tinggi
Mahasiswa_137,3.6,11.6,Rendah
Mahasiswa_812,8.7,4.8,Tinggi
Mahasiswa_77,1.4,9.4,Rendah
Mahasiswa_637,6.3,5.1,Sedang
Mahasiswa_974,8.3,1.6,Tinggi
Mahasiswa_939,8.8,3.0,Tinggi
Mahasiswa_900,7.2,1.0,Tinggi
Mahasiswa_281,3.1,8.1,Rendah
Mahasiswa_884,9.2,2.9,Tinggi
Mahasiswa_762,8.1,1.4,Tinggi
Mahasiswa_320,1.8,8.9,Rendah
Mahasiswa_550,6.3,5.7,Sedang
Mahasiswa_175,2.1,10.1,Rendah
Mahasiswa_372,6.2,6.0,Sedang
Mahasiswa_528,7.0,5.7,Sedang
Mahasiswa_211,3.4,10.9,Rendah
Mahasiswa_236,1.0,11.8,Rendah
Mahasiswa_102,1.5,11.5,Rendah
Mahasiswa_987,7.8,3.1,Tinggi
Mahasiswa_903,8.0,4.1,Tinggi
Mahasiswa_948,8.7,3.9,Tinggi
Mahasiswa_347,5.5,5.5,Sedang
Mahasiswa_140,3.1,11.0,Rendah
Mahasiswa_622,6.3,6.7,Sedang
Mahasiswa_500,6.9,5.9,Sedang
Mahasiswa_371,5.4,5.6,Sedang
Mahasiswa_199,3.6,9.1,Rendah
Mahasiswa_688,7.7,4.5,Tinggi
Mahasiswa_585,4.0,5.6,Sedang
Mahasiswa_902,8.1,2.2,Tinggi
Mahasiswa_60,3.7,9.7,Rendah
Mahasiswa_329,1.9,8.8,Rendah
Mahasiswa_97,3.7,10.2,Rendah
Mahasiswa_313,2.9,8.8,Rendah
Mahasiswa_975,8.0,2.7,Tinggi
Mahasiswa_300,1.6,7.2,Rendah
Mahasiswa_278,3.6,9.0,Rendah
Mahasiswa_925,9.7,3.6,Tinggi
Mahasiswa_602,4.1,5.6,Sedang
Mahasiswa_440,4.1,5.4,Sedang
Mahasiswa_838,9.4,2.2,Tinggi
Mahasiswa_571,6.5,5.7,Sedang
Mahasiswa_880,7.3,3.2,Tinggi
Mahasiswa_262,3.9,11.2,Rendah
Mahasiswa_579,4.5,6.8,Sedang
Mahasiswa_24,1.9,9.6,Rendah
Mahasiswa_31,2.2,8.4,Rendah
Mahasiswa_618,6.0,5.7,Sedang
Mahasiswa_11,2.8,7.7,Rendah
Mahasiswa_222,2.1,8.9,Rendah
Mahasiswa_821,8.6,4.4,Tinggi
Mahasiswa_297,1.5,8.7,Rendah
Mahasiswa_55,1.7,7.4,Rendah
Mahasiswa_543,6.8,5.9,Sedang
Mahasiswa_210,3.0,10.8,Rendah
Mahasiswa_605,4.8,7.0,Sedang
Mahasiswa_693,9.0,2.3,Tinggi
Mahasiswa_663,6.9,5.7,Sedang
Mahasiswa_867,8.6,2.7,Tinggi
Mahasiswa_71,3.9,8.3,Rendah
Mahasiswa_544,5.8,5.3,Sedang
Mahasiswa_108,3.1,8.2,Rendah
Mahasiswa_494,6.1,5.9,Sedang
Mahasiswa_591,6.9,5.7,Sedang
Mahasiswa_742,8.6,1.0,Tinggi
Mahasiswa_293,2.9,8.2,Rendah
Mahasiswa_290,2.5,8.3,Rendah
Mahasiswa_653,6.1,6.7,Sedang
Mahasiswa_40,2.1,7.6,Rendah
Mahasiswa_590,6.3,6.1,Sedang
Mahasiswa_308,3.6,11.6,Rendah
Mahasiswa_680,7.8,3.4,Tinggi
Mahasiswa_67,1.4,8.7,Rendah
Mahasiswa_276,2.6,11.3,Rendah
Mahasiswa_68,3.8,8.6,Rendah
Mahasiswa_319,2.6,8.2,Rendah
Mahasiswa_549,4.7,5.4,Sedang
Mahasiswa_999,9.9,1.3,Tinggi
Mahasiswa_715,8.9,4.5,Tinggi
Mahasiswa_754,8.7,3.1,Tinggi
Mahasiswa_328,2.3,7.6,Rendah
Mahasiswa_383,4.1,6.1,Sedang
Mahasiswa_452,4.5,6.2,Sedang
Mahasiswa_523,6.7,6.2,Sedang
Mahasiswa_219,1.2,11.1,Rendah
Mahasiswa_788,7.7,1.4,Tinggi
Mahasiswa_437,5.9,5.8,Sedang
Mahasiswa_765,9.4,3.2,Tinggi
Mahasiswa_89,3.1,8.9,Rendah
Mahasiswa_64,3.5,11.3,Rendah
Mahasiswa_827,7.8,2.4,Tinggi
Mahasiswa_717,8.5,3.7,Tinggi
Mahasiswa_352,5.0,5.3,Sedang
Mahasiswa_937,8.5,4.4,Tinggi
Mahasiswa_257,3.8,11.3,Rendah
Mahasiswa_636,6.1,6.7,Sedang
Mahasiswa_645,4.1,5.2,Sedang
Mahasiswa_555,6.1,5.3,Sedang
Mahasiswa_960,8.2,2.7,Tinggi
Mahasiswa_169,3.6,10.5,Rendah
Mahasiswa_918,9.4,3.6,Tinggi
Mahasiswa_529,6.3,5.8,Sedang
Mahasiswa_824,7.4,4.3,Tinggi
Mahasiswa_986,7.1,4.3,Tinggi
Mahasiswa_817,9.0,4.2,Tinggi
Mahasiswa_87,2.5,8.1,Rendah
Mahasiswa_433,5.2,6.1,Sedang
Mahasiswa_185,1.6,7.3,Rendah
Mahasiswa_979,8.9,2.7,Tinggi
Mahasiswa_535,5.1,5.6,Sedang
Mahasiswa_295,1.4,7.8,Rendah
Mahasiswa_893,9.0,4.6,Tinggi
Mahasiswa_426,4.2,6.5,Sedang
Mahasiswa_714,7.0,4.8,Tinggi
Mahasiswa_261,2.8,8.9,Rendah
Mahasiswa_238,2.6,12.0,Rendah
Mahasiswa_560,4.8,5.3,Sedang
Mahasiswa_584,6.5,6.0,Sedang
Mahasiswa_446,6.2,6.7,Sedang
Mahasiswa_868,7.4,4.5,Tinggi
Mahasiswa_801,7.6,2.3,Tinggi
Mahasiswa_600,6.2,5.3,Sedang
Mahasiswa_850,9.9,3.2,Tinggi
Mahasiswa_266,3.4,12.0,Rendah
Mahasiswa_996,9.3,1.6,Tinggi
Mahasiswa_530,5.4,6.3,Sedang
Mahasiswa_56,1.9,7.8,Rendah
Mahasiswa_121,3.8,11.8,Rendah
Mahasiswa_216,1.4,10.8,Rendah
Mahasiswa_26,3.9,10.9,Rendah
Mahasiswa_73,1.9,7.2,Rendah
Mahasiswa_45,3.7,9.4,Rendah
Mahasiswa_248,2.4,8.8,Rendah
Mahasiswa_722,9.0,2.8,Tinggi
Mahasiswa_282,1.4,7.1,Rendah
Mahasiswa_894,8.9,3.5,Tinggi
Mahasiswa_915,9.4,2.2,Tinggi
Mahasiswa_811,8.4,1.2,Tinggi
Mahasiswa_245,3.9,11.5,Rendah
Mahasiswa_823,7.3,4.0,Tinggi
Mahasiswa_322,1.6,8.6,Rendah
Mahasiswa_644,4.3,5.7,Sedang
Mahasiswa_159,2.2,7.9,Rendah
Mahasiswa_978,10.0,4.7,Tinggi
Mahasiswa_430,5.7,5.1,Sedang
Mahasiswa_942,8.9,4.0,Tinggi
Mahasiswa_463,5.3,5.0,Sedang
Mahasiswa_310,3.4,10.7,Rendah
Mahasiswa_698,8.0,4.3,Tinggi
Mahasiswa_61,3.4,11.5,Rendah
Mahasiswa_885,8.1,2.6,Tinggi
Mahasiswa_596,4.2,6.2,Sedang
Mahasiswa_768,8.2,1.5,Tinggi
Mahasiswa_650,5.9,6.4,Sedang
Mahasiswa_651,4.1,6.9,Sedang
Mahasiswa_866,7.9,3.5,Tinggi
Mahasiswa_669,7.6,3.7,Tinggi
Mahasiswa_299,3.0,7.9,Rendah
Mahasiswa_690,8.1,3.4,Tinggi
Mahasiswa_315,1.1,8.3,Rendah
Mahasiswa_311,1.6,8.0,Rendah
Mahasiswa_362,4.2,6.5,Sedang
Mahasiswa_480,4.5,6.5,Sedang
Mahasiswa_111,3.0,9.8,Rendah
Mahasiswa_990,9.6,4.4,Tinggi
Mahasiswa_487,6.2,5.4,Sedang
Mahasiswa_364,4.4,6.6,Sedang
Mahasiswa_255,3.8,10.6,Rendah
Mahasiswa_260,4.0,7.8,Rendah
Mahasiswa_803,7.2,3.1,Tinggi
Mahasiswa_678,8.5,4.5,Tinggi
Mahasiswa_495,4.7,6.6,Sedang
Mahasiswa_671,7.8,2.9,Tinggi
Mahasiswa_378,4.4,6.6,Sedang
Mahasiswa_527,6.8,6.6,Sedang
Mahasiswa_846,7.5,3.0,Tinggi
Mahasiswa_138,2.5,9.5,Rendah
Mahasiswa_356,6.3,6.2,Sedang
Mahasiswa_366,4.5,6.6,Sedang
Mahasiswa_943,7.5,2.8,Tinggi
Mahasiswa_750,8.1,4.5,Tinggi
Mahasiswa_949,8.8,1.8,Tinggi
Mahasiswa_830,8.2,2.8,Tinggi
Mahasiswa_657,5.6,6.6,Sedang
Mahasiswa_200,3.3,10.8,Rendah
Mahasiswa_214,2.3,11.4,Rendah
Mahasiswa_409,5.8,5.8,Sedang
Mahasiswa_333,1.3,7.8,Rendah
Mahasiswa_209,1.9,8.6,Rendah
Mahasiswa_614,5.2,5.5,Sedang
Mahasiswa_79,3.0,10.8,Rendah
Mahasiswa_30,1.1,8.6,Rendah
Mahasiswa_536,4.9,5.5,Sedang
Mahasiswa_696,7.7,1.3,Tinggi
Mahasiswa_558,5.8,6.2,Sedang
Mahasiswa_837,9.6,4.2,Tinggi
Mahasiswa_597,5.0,6.2,Sedang
Mahasiswa_166,2.1,10.8,Rendah
Mahasiswa_919,7.4,2.4,Tinggi
Mahasiswa_496,6.4,6.4,Sedang
Mahasiswa_825,9.3,3.8,Tinggi
Mahasiswa_66,2.3,8.1,Rendah
Mahasiswa_142,2.1,7.5,Rendah
Mahasiswa_926,7.9,4.3,Tinggi
Mahasiswa_828,7.3,4.7,Tinggi
Mahasiswa_656,4.2,6.8,Sedang
Mahasiswa_332,2.8,8.2,Rendah
Mahasiswa_665,6.0,6.0,Sedang
Mahasiswa_250,3.9,11.9,Rendah
Mahasiswa_908,7.2,4.9,Tinggi
Mahasiswa_709,7.1,1.5,Tinggi
Mahasiswa_306,1.1,11.0,Rendah
Mahasiswa_735,9.6,4.1,Tinggi
Mahasiswa_976,7.3,1.9,Tinggi
Mahasiswa_50,1.1,7.5,Rendah
Mahasiswa_897,8.5,3.7,Tinggi
Mahasiswa_3,1.5,7.8,Rendah
Mahasiswa_545,7.0,5.5,Sedang
Mahasiswa_351,5.6,5.1,Sedang
Mahasiswa_905,7.5,1.4,Tinggi
Mahasiswa_537,4.1,5.0,Sedang
Mahasiswa_345,6.3,5.4,Sedang
Mahasiswa_995,8.3,3.9,Tinggi
Mahasiswa_482,4.7,5.8,Sedang
Mahasiswa_576,6.1,6.7,Sedang
Mahasiswa_34,1.4,11.0,Rendah
Mahasiswa_32,3.5,8.8,Rendah
Mahasiswa_232,3.2,9.9,Rendah
Mahasiswa_964,8.8,2.9,Tinggi
Mahasiswa_193,3.2,11.0,Rendah
Mahasiswa_334,4.7,5.3,Sedang
Mahasiswa_4,1.2,11.3,Rendah
Mahasiswa_205,3.7,7.5,Rendah
Mahasiswa_515,5.0,6.7,Sedang
Mahasiswa_800,7.3,4.6,Tinggi
Mahasiswa_307,2.9,7.4,Rendah
Mahasiswa_110,2.9,11.2,Rendah
Mahasiswa_431,6.3,5.9,Sedang
Mahasiswa_78,4.0,8.2,Rendah
Mahasiswa_85,1.1,10.0,Rendah
Mahasiswa_287,2.2,10.1,Rendah
Mahasiswa_83,1.3,11.2,Rendah
Mahasiswa_992,8.4,2.9,Tinggi
Mahasiswa_790,8.8,3.2,Tinggi
Mahasiswa_895,7.2,3.1,Tinggi
Mahasiswa_399,6.8,6.1,Sedang
Mahasiswa_324,2.8,10.4,Rendah
Mahasiswa_520,4.2,5.6,Sedang
Mahasiswa_917,8.7,4.0,Tinggi
Mahasiswa_923,9.8,2.0,Tinggi
Mahasiswa_6,1.1,11.8,Rendah
Mahasiswa_732,7.3,3.6,Tinggi
Mahasiswa_466,4.4,6.7,Sedang
Mahasiswa_98,2.0,8.7,Rendah
Mahasiswa_267,4.0,9.8,Rendah
Mahasiswa_358,5.0,6.9,Sedang
Mahasiswa_869,8.3,1.8,Tinggi
Mahasiswa_799,7.8,1.3,Tinggi
Mahasiswa_381,4.5,5.6,Sedang
Mahasiswa_632,4.9,5.9,Sedang
Mahasiswa_382,4.7,6.5,Sedang
Mahasiswa_491,5.0,6.5,Sedang
Mahasiswa_119,1.8,7.1,Rendah
Mahasiswa_901,9.9,4.0,Tinggi
Mahasiswa_251,3.1,9.7,Rendah
Mahasiswa_524,4.7,5.0,Sedang
Mahasiswa_10,2.3,8.5,Rendah
Mahasiswa_197,2.1,10.9,Rendah
Mahasiswa_604,6.0,5.9,Sedang
Mahasiswa_82,2.9,9.7,Rendah
Mahasiswa_784,9.0,1.4,Tinggi
Mahasiswa_588,5.9,6.1,Sedang
Mahasiswa_798,9.2,3.3,Tinggi
Mahasiswa_240,3.9,9.6,Rendah
Mahasiswa_291,2.4,11.9,Rendah
Mahasiswa_212,1.3,9.5,Rendah
Mahasiswa_718,7.4,1.1,Tinggi
Mahasiswa_360,4.4,6.5,Sedang
Mahasiswa_450,4.0,5.2,Sedang
Mahasiswa_228,1.3,9.5,Rendah
Mahasiswa_951,8.7,1.0,Tinggi
Mahasiswa_947,9.4,1.8,Tinggi
Mahasiswa_797,7.4,1.4,Tinggi
Mahasiswa_502,6.6,6.5,Sedang
Mahasiswa_465,5.9,5.5,Sedang
Mahasiswa_363,5.7,6.7,Sedang
Mahasiswa_469,4.1,6.8,Sedang
Mahasiswa_936,9.5,1.9,Tinggi
Mahasiswa_429,4.1,5.9,Sedang
Mahasiswa_8,1.5,7.9,Rendah
Mahasiswa_156,2.3,7.4,Rendah
Mahasiswa_542,5.3,6.8,Sedang
Mahasiswa_441,4.7,6.3,Sedang
Mahasiswa_483,4.9,5.7,Sedang
Mahasiswa_423,4.4,5.8,Sedang
Mahasiswa_779,8.8,2.6,Tinggi
Mahasiswa_950,8.1,4.1,Tinggi
Mahasiswa_335,4.6,5.6,Sedang
Mahasiswa_577,6.1,6.4,Sedang
Mahasiswa_935,7.4,3.9,Tinggi
Mahasiswa_568,6.0,5.2,Sedang
Mahasiswa_595,4.9,6.4,Sedang
Mahasiswa_531,6.6,7.0,Sedang
Mahasiswa_582,5.0,6.5,Sedang
Mahasiswa_708,8.6,4.7,Tinggi
Mahasiswa_449,4.9,6.8,Sedang
Mahasiswa_454,6.5,5.7,Sedang
Mahasiswa_229,1.0,9.3,Rendah
Mahasiswa_353,4.2,7.0,Sedang
Mahasiswa_729,9.1,3.7,Tinggi
Mahasiswa_213,1.2,9.7,Rendah
Mahasiswa_80,1.7,10.6,Rendah
Mahasiswa_149,3.3,8.1,Rendah
Mahasiswa_303,1.4,9.3,Rendah
Mahasiswa_629,4.6,6.0,Sedang
Mahasiswa_778,7.7,1.8,Tinggi
Mahasiswa_507,6.8,5.1,Sedang
Mahasiswa_343,6.8,6.1,Sedang
Mahasiswa_486,6.0,6.9,Sedang
Mahasiswa_712,7.1,1.6,Tinggi
Mahasiswa_134,3.1,10.5,Rendah
Mahasiswa_704,9.5,4.2,Tinggi
Mahasiswa_312,2.1,9.4,Rendah
Mahasiswa_723,9.6,1.7,Tinggi
Mahasiswa_630,4.2,6.2,Sedang
Mahasiswa_1,2.1,11.8,Rendah
Mahasiswa_317,2.5,9.7,Rendah
Mahasiswa_707,7.8,1.2,Tinggi
Mahasiswa_548,4.7,5.4,Sedang
Mahasiswa_873,8.2,2.9,Tinggi
Mahasiswa_533,5.3,6.5,Sedang
Mahasiswa_478,5.3,5.8,Sedang
Mahasiswa_405,5.4,5.2,Sedang
Mahasiswa_173,2.2,10.1,Rendah
Mahasiswa_126,1.9,8.9,Rendah
Mahasiswa_395,5.4,6.9,Sedang
Mahasiswa_421,4.0,6.3,Sedang
Mahasiswa_553,7.0,5.3,Sedang
Mahasiswa_904,9.0,1.7,Tinggi
Mahasiswa_91,2.0,7.6,Rendah
Mahasiswa_940,7.9,3.3,Tinggi
Mahasiswa_182,2.4,9.7,Rendah
Mahasiswa_275,2.6,10.9,Rendah
Mahasiswa_896,7.5,3.9,Tinggi
Mahasiswa_70,2.1,11.9,Rendah
Mahasiswa_292,2.5,8.6,Rendah
Mahasiswa_132,1.4,9.6,Rendah
Mahasiswa_301,1.5,8.4,Rendah
Mahasiswa_425,5.5,6.2,Sedang
Mahasiswa_327,2.8,10.7,Rendah
Mahasiswa_145,1.9,10.0,Rendah
Mahasiswa_424,4.3,7.0,Sedang
Mahasiswa_581,6.5,5.3,Sedang
Mahasiswa_136,3.4,11.1,Rendah
Mahasiswa_451,4.6,5.1,Sedang
Mahasiswa_165,2.3,8.2,Rendah
Mahasiswa_29,1.3,8.0,Rendah
Mahasiswa_774,9.4,3.2,Tinggi
Mahasiswa_194,1.8,7.9,Rendah
Mahasiswa_389,4.7,6.4,Sedang
Mahasiswa_853,8.3,1.4,Tinggi
Mahasiswa_170,2.4,7.5,Rendah
Mahasiswa_706,7.6,1.4,Tinggi
Mahasiswa_141,3.7,8.7,Rendah
Mahasiswa_174,2.9,7.2,Rendah
Mahasiswa_7,3.5,8.1,Rendah
Mahasiswa_746,7.7,2.5,Tinggi
Mahasiswa_479,5.6,5.1,Sedang
Mahasiswa_74,2.8,9.5,Rendah
Mahasiswa_911,7.6,1.5,Tinggi
Mahasiswa_814,7.6,3.1,Tinggi
Mahasiswa_239,1.2,9.8,Rendah
Mahasiswa_146,1.1,7.2,Rendah
Mahasiswa_793,10.0,1.5,Tinggi
Mahasiswa_235,1.7,11.8,Rendah
Mahasiswa_221,1.3,11.9,Rendah
Mahasiswa_924,7.4,1.8,Tinggi
Mahasiswa_501,4.6,6.1,Sedang
Mahasiswa_133,3.6,10.7,Rendah
Mahasiswa_991,7.6,4.2,Tinggi
Mahasiswa_775,7.1,3.5,Tinggi
Mahasiswa_186,1.3,7.1,Rendah
Mahasiswa_42,2.0,7.3,Rendah
Mahasiswa_697,7.5,3.1,Tinggi
Mahasiswa_109,2.0,10.7,Rendah
Mahasiswa_589,6.3,5.2,Sedang
Mahasiswa_57,3.8,11.0,Rendah
Mahasiswa_406,7.0,6.7,Sedang
Mahasiswa_443,6.4,5.4,Sedang
Mahasiswa_758,7.6,1.0,Tinggi
Mahasiswa_998,9.3,3.6,Tinggi
Mahasiswa_25,2.6,7.9,Rendah
Mahasiswa_468,4.5,5.5,Sedang
Mahasiswa_540,4.7,6.9,Sedang
Mahasiswa_532,6.3,5.8,Sedang
Mahasiswa_619,6.6,5.9,Sedang
Mahasiswa_695,9.9,2.8,Tinggi
Mahasiswa_927,9.6,4.4,Tinggi
Mahasiswa_339,4.3,5.8,Sedang
Mahasiswa_52,1.9,9.5,Rendah
Mahasiswa_508,6.1,6.9,Sedang
Mahasiswa_517,4.7,5.2,Sedang
Mahasiswa_921,8.1,2.7,Tinggi
Mahasiswa_782,9.3,2.1,Tinggi
Mahasiswa_265,1.2,11.3,Rendah
Mahasiswa_818,9.8,1.9,Tinggi
Mahasiswa_711,7.9,3.0,Tinggi
Mahasiswa_683,9.2,1.5,Tinggi
Mahasiswa_833,10.0,4.4,Tinggi
Mahasiswa_519,5.0,6.4,Sedang
Mahasiswa_448,6.0,5.4,Sedang
Mahasiswa_19,1.9,7.5,Rendah
Mahasiswa_716,8.4,3.1,Tinggi
Mahasiswa_484,6.2,5.6,Sedang
Mahasiswa_569,6.6,6.0,Sedang
Mahasiswa_434,4.5,5.4,Sedang
Mahasiswa_368,5.1,6.8,Sedang
Mahasiswa_84,2.0,7.9,Rendah
Mahasiswa_62,2.0,7.6,Rendah
Mahasiswa_639,4.7,7.0,Sedang
Mahasiswa_273,2.9,8.8,Rendah
Mahasiswa_286,2.5,10.9,Rendah
Mahasiswa_361,6.8,5.4,Sedang
Mahasiswa_355,4.8,6.4,Sedang
Mahasiswa_457,5.9,5.8,Sedang
Mahasiswa_279,1.4,7.1,Rendah
Mahasiswa_13,2.4,10.9,Rendah
Mahasiswa_183,3.8,8.9,Rendah
Mahasiswa_369,5.2,6.6,Sedang
Mahasiswa_882,7.3,3.0,Tinggi
Mahasiswa_616,6.7,5.5,Sedang
Mahasiswa_224,4.0,10.8,Rendah
Mahasiswa_573,4.8,6.8,Sedang
Mahasiswa_971,7.2,2.3,Tinggi
Mahasiswa_654,6.1,6.6,Sedang
Mahasiswa_546,6.8,6.3,Sedang
Mahasiswa_583,4.5,6.6,Sedang
Mahasiswa_634,5.2,6.0,Sedang
Mahasiswa_177,3.0,7.8,Rendah
Mahasiswa_666,5.7,6.4,Sedang
Mahasiswa_674,8.0,2.5,Tinggi
Mahasiswa_586,5.9,7.0,Sedang
Mahasiswa_874,7.1,2.0,Tinggi
Mahasiswa_394,5.8,5.8,Sedang
Mahasiswa_164,2.7,10.1,Rendah
Mahasiswa_249,2.8,7.4,Rendah
Mahasiswa_635,5.8,5.6,Sedang
Mahasiswa_886,8.4,4.1,Tinggi
Mahasiswa_670,7.2,1.1,Tinggi
Mahasiswa_376,4.4,6.9,Sedang
Mahasiswa_413,5.6,6.8,Sedang
Mahasiswa_75,1.2,8.4,Rendah
Mahasiswa_114,3.9,9.0,Rendah
Mahasiswa_599,6.9,6.9,Sedang
Mahasiswa_962,8.9,2.4,Tinggi
Mahasiswa_391,6.1,6.1,Sedang
Mahasiswa_105,1.0,7.8,Rendah
Mahasiswa_115,3.7,10.2,Rendah
Mahasiswa_418,5.5,5.8,Sedang
Mahasiswa_526,6.6,6.1,Sedang
Mahasiswa_458,5.7,5.9,Sedang
Mahasiswa_410,4.2,5.7,Sedang
Mahasiswa_93,1.8,10.3,Rendah
Mahasiswa_931,9.3,3.6,Tinggi
Mahasiswa_90,3.8,7.7,Rendah
Mahasiswa_337,4.2,6.0,Sedang
Mahasiswa_989,7.8,2.7,Tinggi
Mahasiswa_922,8.3,3.5,Tinggi
Mahasiswa_934,7.1,1.7,Tinggi
Mahasiswa_606,5.3,5.9,Sedang
Mahasiswa_594,6.1,5.1,Sedang
Mahasiswa_612,5.3,6.9,Sedang
Mahasiswa_95,2.6,8.2,Rendah
Mahasiswa_12,1.9,8.8,Rendah
Mahasiswa_397,5.5,6.2,Sedang
Mahasiswa_534,4.7,5.2,Sedang
Mahasiswa_44,3.2,10.2,Rendah
Mahasiswa_43,1.9,8.6,Rendah
Mahasiswa_330,2.9,9.9,Rendah
Mahasiswa_168,1.1,7.2,Rendah
Mahasiswa_498,5.1,5.2,Sedang
Mahasiswa_877,7.0,2.0,Tinggi
Mahasiswa_598,4.1,6.7,Sedang
Mahasiswa_757,9.9,1.1,Tinggi
Mahasiswa_101,2.9,7.4,Rendah
Mahasiswa_427,4.6,6.8,Sedang
Mahasiswa_179,1.1,9.9,Rendah
Mahasiswa_445,4.3,5.5,Sedang
Mahasiswa_417,4.4,5.4,Sedang
Mahasiswa_871,9.5,3.9,Tinggi
Mahasiswa_883,7.5,2.3,Tinggi
Mahasiswa_681,9.7,1.8,Tinggi
Mahasiswa_178,1.2,10.2,Rendah
Mahasiswa_396,4.5,6.2,Sedang
Mahasiswa_912,8.8,4.1,Tinggi
Mahasiswa_794,9.1,2.6,Tinggi
Mahasiswa_961,9.1,1.0,Tinggi
Mahasiswa_685,7.5,2.0,Tinggi
Mahasiswa_384,6.3,6.8,Sedang
Mahasiswa_957,10.0,2.5,Tinggi
Mahasiswa_752,7.1,2.4,Tinggi
Mahasiswa_258,1.1,7.1,Rendah
Mahasiswa_539,5.2,6.4,Sedang
Mahasiswa_336,4.5,6.8,Sedang
Mahasiswa_16,2.8,7.9,Rendah
Mahasiswa_325,3.4,9.5,Rendah
Mahasiswa_759,8.9,4.6,Tinggi
Mahasiswa_223,3.4,11.7,Rendah
Mahasiswa_180,3.8,9.9,Rendah
Mahasiswa_984,7.6,2.4,Tinggi
Mahasiswa_23,1.8,10.3,Rendah
Mahasiswa_357,5.4,5.8,Sedang
Mahasiswa_667,4.7,7.0,Sedang
Mahasiswa_862,7.9,1.4,Tinggi
Mahasiswa_341,6.5,5.5,Sedang
Mahasiswa_432,5.6,5.9,Sedang
Mahasiswa_552,6.7,6.9,Sedang
Mahasiswa_834,7.6,4.7,Tinggi
Mahasiswa_204,2.2,7.1,Rendah
Mahasiswa_631,4.8,6.6,Sedang
Mahasiswa_94,3.5,9.8,Rendah
Mahasiswa_559,4.3,6.8,Sedang
Mahasiswa_69,2.6,10.5,Rendah
Mahasiswa_623,6.3,6.3,Sedang
Mahasiswa_285,3.7,8.7,Rendah
Mahasiswa_845,8.8,4.1,Tinggi
Mahasiswa_435,6.6,6.9,Sedang
Mahasiswa_154,2.5,8.6,Rendah
Mahasiswa_76,3.7,8.2,Rendah
Mahasiswa_731,8.2,3.6,Tinggi
Mahasiswa_447,6.5,5.8,Sedang
Mahasiswa_189,3.5,7.1,Rendah
Mahasiswa_272,1.7,10.4,Rendah
Mahasiswa_237,1.1,11.5,Rendah
Mahasiswa_488,4.1,5.5,Sedang
Mahasiswa_118,1.6,10.6,Rendah
Mahasiswa_944,7.0,2.0,Tinggi
Mahasiswa_513,6.8,5.9,Sedang
Mahasiswa_826,7.1,2.2,Tinggi
Mahasiswa_592,5.9,6.9,Sedang
Mahasiswa_127,3.6,8.6,Rendah
Mahasiswa_117,2.7,9.5,Rendah
Mahasiswa_474,4.4,6.8,Sedang
Mahasiswa_694,9.3,1.5,Tinggi
Mahasiswa_58,2.9,11.4,Rendah
Mahasiswa_864,8.5,5.0,Tinggi
Mahasiswa_913,8.9,3.1,Tinggi
Mahasiswa_370,5.3,5.8,Sedang
Mahasiswa_269,3.5,8.2,Rendah
Mahasiswa_47,3.3,9.8,Rendah
Mahasiswa_350,4.5,6.0,Sedang
Mahasiswa_196,4.0,9.1,Rendah
Mahasiswa_1000,7.2,2.1,Tinggi
Mahasiswa_835,7.3,4.3,Tinggi
Mahasiswa_737,9.6,2.6,Tinggi
Mahasiswa_264,2.2,8.4,Rendah
Mahasiswa_444,6.0,5.5,Sedang
Mahasiswa_676,9.6,3.3,Tinggi
Mahasiswa_305,2.5,10.5,Rendah
Mahasiswa_342,4.5,6.3,Sedang
Mahasiswa_967,8.7,3.4,Tinggi
Mahasiswa_150,2.9,7.4,Rendah
Mahasiswa_125,3.9,11.3,Rendah
Mahasiswa_787,9.2,4.5,Tinggi
Mahasiswa_51,1.1,10.2,Rendah
Mahasiswa_354,5.0,6.6,Sedang
Mahasiswa_928,9.8,2.0,Tinggi
Mahasiswa_143,2.7,7.2,Rendah
Mahasiswa_471,4.8,6.1,Sedang
Mahasiswa_400,6.1,6.8,Sedang
Mahasiswa_626,6.4,6.0,Sedang
Mahasiswa_321,1.1,8.6,Rendah
Mahasiswa_20,3.1,9.2,Rendah
Mahasiswa_810,8.7,3.9,Tinggi
Mahasiswa_791,7.7,2.6,Tinggi
Mahasiswa_809,10.0,3.6,Tinggi
Mahasiswa_408,6.6,6.0,Sedang
Mahasiswa_538,7.0,5.9,Sedang
Mahasiswa_621,6.6,6.6,Sedang
Mahasiswa_39,3.3,7.4,Rendah
Mahasiswa_176,2.5,11.3,Rendah
Mahasiswa_246,2.4,10.1,Rendah
Mahasiswa_829,8.7,2.2,Tinggi
Mahasiswa_668,9.9,3.6,Tinggi
Mahasiswa_755,8.8,4.1,Tinggi
Mahasiswa_859,7.2,3.8,Tinggi
Mahasiswa_155,3.4,8.4,Rendah
Mahasiswa_288,3.6,11.7,Rendah
Mahasiswa_603,5.5,6.5,Sedang
Mahasiswa_570,5.4,6.2,Sedang
Mahasiswa_744,8.2,3.8,Tinggi
Mahasiswa_18,3.9,11.0,Rendah
Mahasiswa_128,1.5,9.8,Rendah
Mahasiswa_323,1.4,11.5,Rendah
Mahasiswa_256,2.8,9.1,Rendah
Mahasiswa_658,5.4,6.3,Sedang
Mahasiswa_965,8.9,1.3,Tinggi
Mahasiswa_191,1.4,10.5,Rendah
Mahasiswa_116,3.4,9.5,Rendah
Mahasiswa_617,4.6,5.1,Sedang
Mahasiswa_607,4.5,6.6,Sedang
Mahasiswa_181,2.2,10.2,Rendah
Mahasiswa_302,1.5,7.4,Rendah
Mahasiswa_760,7.7,4.7,Tinggi
Mahasiswa_713,10.0,4.9,Tinggi
Mahasiswa_724,9.1,4.4,Tinggi
Mahasiswa_686,9.9,1.7,Tinggi
Mahasiswa_980,8.9,4.1,Tinggi
Mahasiswa_518,4.2,6.4,Sedang
Mahasiswa_985,8.0,1.1,Tinggi
Mahasiswa_46,1.4,10.6,Rendah
Mahasiswa_910,8.9,2.5,Tinggi
Mahasiswa_158,3.5,10.5,Rendah
Mahasiswa_852,7.9,3.0,Tinggi
Mahasiswa_172,1.5,9.2,Rendah
Mahasiswa_17,1.2,11.7,Rendah
Mahasiswa_512,6.8,6.9,Sedang
Mahasiswa_49,2.6,9.1,Rendah
Mahasiswa_972,9.4,3.8,Tinggi
Mahasiswa_941,9.1,4.5,Tinggi
Mahasiswa_516,4.1,6.2,Sedang
Mahasiswa_953,9.2,1.8,Tinggi
Mahasiswa_481,4.2,6.2,Sedang
Mahasiswa_284,2.2,9.2,Rendah
Mahasiswa_719,7.9,3.8,Tinggi
Mahasiswa_878,9.9,4.2,Tinggi
Mahasiswa_226,3.3,9.8,Rendah
Mahasiswa_27,3.8,11.5,Rendah
Mahasiswa_955,8.0,1.6,Tinggi
Mahasiswa_438,4.1,5.3,Sedang
Mahasiswa_952,9.3,1.1,Tinggi
Mahasiswa_365,4.6,5.3,Sedang
Mahasiswa_230,1.2,7.6,Rendah
Mahasiswa_38,3.1,10.6,Rendah
Mahasiswa_966,8.7,3.2,Tinggi
Mahasiswa_375,6.7,6.2,Sedang
Mahasiswa_470,4.4,6.2,Sedang
Mahasiswa_968,9.0,4.2,Tinggi
Mahasiswa_851,9.9,2.7,Tinggi
Mahasiswa_705,8.8,4.5,Tinggi
Mahasiswa_842,8.9,4.3,Tinggi
Mahasiswa_195,3.3,11.0,Rendah
Mahasiswa_855,8.9,3.6,Tinggi
Mahasiswa_865,9.4,3.5,Tinggi
Mahasiswa_504,6.1,6.7,Sedang
Mahasiswa_970,8.5,1.3,Tinggi
Mahasiswa_831,8.8,3.1,Tinggi
Mahasiswa_580,6.6,5.1,Sedang
Mahasiswa_969,7.8,4.3,Tinggi
Mahasiswa_163,3.9,10.7,Rendah
Mahasiswa_909,7.9,4.1,Tinggi
Mahasiswa_153,3.2,11.9,Rendah
Mahasiswa_802,7.7,2.4,Tinggi
Mahasiswa_994,9.2,3.0,Tinggi
Mahasiswa_756,9.4,3.9,Tinggi
Mahasiswa_112,1.3,8.8,Rendah
Mahasiswa_227,2.3,11.5,Rendah
Mahasiswa_689,8.3,3.1,Tinggi
Mahasiswa_104,1.3,10.3,Rendah
Mahasiswa_422,4.5,6.9,Sedang
Mahasiswa_420,5.7,6.3,Sedang
Mahasiswa_751,8.6,2.9,Tinggi
Mahasiswa_587,5.9,5.5,Sedang
Mahasiswa_781,8.1,1.9,Tinggi
Mahasiswa_673,9.2,2.7,Tinggi
Mahasiswa_120,2.9,7.9,Rendah
Mahasiswa_54,2.2,10.8,Rendah
Mahasiswa_152,2.6,10.2,Rendah
Mahasiswa_404,6.8,6.9,Sedang
Mahasiswa_946,7.3,2.6,Tinggi
Mahasiswa_208,2.9,9.2,Rendah
Mahasiswa_659,5.6,6.5,Sedang
Mahasiswa_844,9.8,2.9,Tinggi
Mahasiswa_763,8.5,2.0,Tinggi
Mahasiswa_9,1.9,9.6,Rendah
Mahasiswa_808,8.0,3.7,Tinggi
Mahasiswa_37,1.0,11.1,Rendah
Mahasiswa_453,5.3,6.8,Sedang
Mahasiswa_652,4.2,6.1,Sedang
Mahasiswa_254,3.7,11.1,Rendah
Mahasiswa_304,1.6,8.8,Rendah
Mahasiswa_747,7.7,1.3,Tinggi
Mahasiswa_572,6.0,6.1,Sedang
Mahasiswa_624,4.4,5.1,Sedang
Mahasiswa_733,10.0,1.2,Tinggi
Mahasiswa_892,8.4,3.5,Tinggi
Mahasiswa_263,3.5,9.3,Rendah
Mahasiswa_611,6.9,5.3,Sedang
Mahasiswa_298,3.7,9.4,Rendah
Mahasiswa_415,6.2,5.9,Sedang
Mahasiswa_151,1.2,9.7,Rendah
Mahasiswa_789,7.1,3.6,Tinggi
Mahasiswa_641,5.9,6.4,Sedang
Mahasiswa_890,7.8,4.4,Tinggi
Mahasiswa_551,4.2,6.9,Sedang
Mahasiswa_887,9.7,4.8,Tinggi
Mahasiswa_489,5.8,5.1,Sedang
Mahasiswa_148,1.4,9.6,Rendah
Mahasiswa_147,3.5,8.8,Rendah
Mahasiswa_721,9.9,1.4,Tinggi
Mahasiswa_932,7.5,3.2,Tinggi
Mahasiswa_740,9.4,2.7,Tinggi
Mahasiswa_660,4.2,5.1,Sedang
Mahasiswa_349,4.9,6.2,Sedang
Mahasiswa_464,4.8,6.1,Sedang
Mahasiswa_326,1.3,9.7,Rendah
Mahasiswa_187,1.3,10.4,Rendah
Mahasiswa_124,2.3,11.8,Rendah
Mahasiswa_854,8.9,1.9,Tinggi
Mahasiswa_609,4.2,6.4,Sedang
Mahasiswa_144,2.4,9.7,Rendah
Mahasiswa_959,9.7,3.4,Tinggi
Mahasiswa_198,2.0,11.7,Rendah
Mahasiswa_610,6.0,5.5,Sedang
Mahasiswa_280,3.3,10.1,Rendah
Mahasiswa_294,1.2,7.6,Rendah
Mahasiswa_401,6.1,5.3,Sedang
Mahasiswa_123,1.0,11.6,Rendah
Mahasiswa_184,3.9,11.5,Rendah
Mahasiswa_203,2.0,11.5,Rendah
Mahasiswa_439,6.1,6.3,Sedang
Mahasiswa_247,1.8,7.9,Rendah
Mahasiswa_416,4.7,5.9,Sedang
Mahasiswa_933,10.0,4.7,Tinggi
Mahasiswa_766,7.9,3.4,Tinggi
Mahasiswa_907,7.8,1.1,Tinggi
Mahasiswa_836,8.1,4.5,Tinggi
Mahasiswa_888,9.4,2.3,Tinggi
Mahasiswa_130,2.7,7.5,Rendah
Mahasiswa_638,5.4,5.2,Sedang
Mahasiswa_403,5.3,6.5,Sedang
Mahasiswa_785,8.9,2.8,Tinggi
Mahasiswa_771,9.1,1.4,Tinggi
Mahasiswa_736,8.7,4.0,Tinggi
Mahasiswa_914,7.1,4.9,Tinggi
Mahasiswa_220,3.1,7.4,Rendah
Mahasiswa_642,5.7,5.0,Sedang
Mahasiswa_916,9.9,3.4,Tinggi
Mahasiswa_753,8.1,2.6,Tinggi
Mahasiswa_807,8.6,2.3,Tinggi
Mahasiswa_920,9.8,1.9,Tinggi
Mahasiswa_625,6.8,6.2,Sedang
Mahasiswa_875,9.3,1.5,Tinggi
Mahasiswa_761,7.2,4.7,Tinggi
Mahasiswa_387,4.4,5.8,Sedang
Mahasiswa_973,9.4,3.1,Tinggi
Mahasiswa_510,6.7,5.1,Sedang
Mahasiswa_268,3.3,11.7,Rendah
Mahasiswa_820,10.0,4.7,Tinggi
Mahasiswa_442,4.1,5.2,Sedang
Mahasiswa_497,4.8,6.2,Sedang
Mahasiswa_113,1.8,8.2,Rendah
Mahasiswa_692,9.9,2.0,Tinggi
Mahasiswa_233,3.9,8.9,Rendah
Mahasiswa_870,8.1,2.7,Tinggi
Mahasiswa_608,6.1,5.4,Sedang
Mahasiswa_672,9.6,3.9,Tinggi
Mahasiswa_374,5.2,6.1,Sedang
Mahasiswa_982,9.5,2.5,Tinggi
Mahasiswa_843,7.4,4.4,Tinggi
Mahasiswa_234,1.9,11.3,Rendah
Mahasiswa_786,8.8,1.7,Tinggi
Mahasiswa_677,8.3,3.9,Tinggi
Mahasiswa_318,1.3,9.2,Rendah
Mahasiswa_649,4.5,5.2,Sedang
Mahasiswa_411,6.4,5.0,Sedang
Mahasiswa_899,9.1,1.3,Tinggi
Mahasiswa_710,8.4,4.7,Tinggi
Mahasiswa_359,6.5,6.9,Sedang
Mahasiswa_259,2.1,11.1,Rendah
Mahasiswa_745,8.2,2.8,Tinggi
Mahasiswa_628,6.1,5.9,Sedang
Mahasiswa_633,4.0,5.1,Sedang
Mahasiswa_283,2.1,9.9,Rendah
Mahasiswa_377,5.9,5.7,Sedang
Mahasiswa_385,5.0,6.6,Sedang
Mahasiswa_225,2.1,7.4,Rendah
Mahasiswa_954,9.9,2.5,Tinggi
Mahasiswa_815,7.3,2.8,Tinggi
Mahasiswa_473,4.6,5.0,Sedang
Mahasiswa_348,4.3,6.2,Sedang
Mahasiswa_506,4.7,7.0,Sedang
Mahasiswa_640,4.4,6.0,Sedang
Mahasiswa_988,7.9,4.8,Tinggi
Mahasiswa_929,9.3,2.8,Tinggi
Mahasiswa_906,9.0,4.1,Tinggi
Mahasiswa_620,6.9,5.4,Sedang
Mahasiswa_856,7.5,1.2,Tinggi
Mahasiswa_804,7.2,4.2,Tinggi
Mahasiswa_646,5.2,5.3,Sedang
Mahasiswa_847,8.2,1.6,Tinggi
Mahasiswa_557,4.7,6.1,Sedang
Mahasiswa_958,8.3,3.9,Tinggi
Mahasiswa_578,5.9,6.5,Sedang
Mahasiswa_796,9.1,5.0,Tinggi
Mahasiswa_86,3.0,7.1,Rendah
Mahasiswa_243,2.8,11.5,Rendah
Mahasiswa_699,8.3,2.0,Tinggi
Mahasiswa_160,1.5,8.3,Rendah
Mahasiswa_525,6.6,5.0,Sedang
Mahasiswa_36,3.3,8.0,Rendah
Mahasiswa_541,6.4,5.2,Sedang
Mahasiswa_171,2.5,9.4,Rendah
Mahasiswa_655,5.0,6.6,Sedang
Mahasiswa_891,7.1,4.6,Tinggi
Mahasiswa_858,7.2,5.0,Tinggi
Mahasiswa_848,8.1,1.3,Tinggi
Mahasiswa_945,9.2,5.0,Tinggi
Mahasiswa_734,9.9,2.6,Tinggi
Mahasiswa_96,1.3,11.5,Rendah
Mahasiswa_564,4.3,5.8,Sedang
Mahasiswa_241,2.9,10.5,Rendah
Mahasiswa_743,8.0,2.5,Tinggi
Mahasiswa_575,6.6,6.7,Sedang
Mahasiswa_691,7.5,2.6,Tinggi
Mahasiswa_461,6.6,6.0,Sedang
Mahasiswa_554,5.2,6.5,Sedang
Mahasiswa_889,9.1,2.8,Tinggi
Mahasiswa_207,3.9,9.9,Rendah
Mahasiswa_393,4.5,6.8,Sedang
Mahasiswa_795,8.3,3.9,Tinggi
Mahasiswa_398,4.1,6.7,Sedang
Mahasiswa_767,9.1,2.1,Tinggi
Mahasiswa_849,7.1,1.5,Tinggi
Mahasiswa_218,1.3,10.5,Rendah
Mahasiswa_5,2.8,10.5,Rendah
Mahasiswa_769,7.5,3.7,Tinggi
Mahasiswa_643,5.0,6.0,Sedang
Mahasiswa_930,9.5,3.9,Tinggi
Mahasiswa_613,5.3,6.3,Sedang
Mahasiswa_739,9.4,4.0,Tinggi
Mahasiswa_547,5.8,6.0,Sedang
Mahasiswa_726,8.5,3.5,Tinggi
Mahasiswa_684,9.1,4.6,Tinggi
Mahasiswa_99,3.2,11.5,Rendah
Mahasiswa_805,7.7,3.2,Tinggi
Mahasiswa_728,7.1,4.7,Tinggi
Mahasiswa_574,6.4,6.3,Sedang
Mahasiswa_407,4.4,6.8,Sedang
Mahasiswa_503,6.4,6.3,Sedang
Mahasiswa_48,3.3,9.5,Rendah
Mahasiswa_33,1.8,9.7,Rendah
Mahasiswa_780,9.5,4.6,Tinggi
Mahasiswa_840,7.5,3.8,Tinggi
Mahasiswa_201,1.3,11.5,Rendah
Mahasiswa_135,2.1,8.5,Rendah
Mahasiswa_28,2.8,11.6,Rendah
Mahasiswa_881,8.4,4.4,Tinggi
Mahasiswa_231,1.4,10.2,Rendah
Mahasiswa_490,5.5,6.2,Sedang
Mahasiswa_773,9.9,2.9,Tinggi
Mahasiswa_379,5.9,6.1,Sedang
Mahasiswa_289,1.4,11.6,Rendah
Mahasiswa_419,6.7,5.7,Sedang
Mahasiswa_675,10.0,1.2,Tinggi
Mahasiswa_392,4.8,5.7,Sedang
Mahasiswa_593,4.3,6.9,Sedang
Mahasiswa_499,6.8,5.3,Sedang
Mahasiswa_139,3.4,10.2,Rendah
Mahasiswa_63,1.7,9.1,Rendah
Mahasiswa_472,6.0,6.7,Sedang
Mahasiswa_648,6.4,5.4,Sedang
Mahasiswa_129,3.8,10.5,Rendah
Mahasiswa_977,8.8,3.9,Tinggi
Mahasiswa_521,5.6,6.6,Sedang
Mahasiswa_839,7.2,2.6,Tinggi
Mahasiswa_963,9.4,1.4,Tinggi
Mahasiswa_65,1.0,9.6,Rendah
Mahasiswa_813,7.5,3.8,Tinggi
Mahasiswa_15,2.8,7.2,Rendah
Mahasiswa_157,1.1,11.8,Rendah
Mahasiswa_41,3.6,10.1,Rendah
Mahasiswa_493,6.2,6.0,Sedang
Mahasiswa_380,6.7,6.6,Sedang
Mahasiswa_188,1.2,8.6,Rendah
Mahasiswa_764,7.9,2.2,Tinggi
Mahasiswa_217,2.9,7.5,Rendah
Mahasiswa_792,8.8,3.0,Tinggi
Mahasiswa_53,3.7,8.2,Rendah
Mahasiswa_879,9.9,3.0,Tinggi
Mahasiswa_338,5.2,7.0,Sedang
Mahasiswa_749,8.9,2.9,Tinggi
Mahasiswa_720,7.6,3.7,Tinggi
Mahasiswa_725,9.8,3.7,Tinggi
Mahasiswa_296,1.4,10.2,Rendah
Mahasiswa_702,7.1,3.9,Tinggi
Mahasiswa_252,1.9,11.1,Rendah
Mahasiswa_727,9.6,3.3,Tinggi
Mahasiswa_462,6.7,6.6,Sedang
Mahasiswa_456,5.8,5.5,Sedang
Mahasiswa_997,8.8,1.5,Tinggi
Mahasiswa_816,9.3,2.4,Tinggi
Mahasiswa_863,9.1,1.2,Tinggi
Mahasiswa_270,2.4,7.6,Rendah
Mahasiswa_202,2.5,11.1,Rendah
Mahasiswa_162,3.0,8.4,Rendah
Mahasiswa_556,6.4,5.4,Sedang
Mahasiswa_730,7.6,3.6,Tinggi
Mahasiswa_402,5.7,6.2,Sedang
Mahasiswa_703,9.0,2.9,Tinggi
Mahasiswa_477,4.5,6.8,Sedang
Mahasiswa_822,8.6,3.5,Tinggi
Mahasiswa_772,8.7,2.0,Tinggi
Mahasiswa_106,2.6,10.5,Rendah
Mahasiswa_566,6.2,6.0,Sedang
Mahasiswa_390,6.2,6.3,Sedang
Mahasiswa_2,3.2,10.0,Rendah
Mahasiswa_938,9.2,3.2,Tinggi
Mahasiswa_983,8.7,3.4,Tinggi
Mahasiswa_562,6.6,6.6,Sedang
Mahasiswa_81,2.1,10.2,Rendah
Mahasiswa_206,2.0,11.8,Rendah
Mahasiswa_35,1.2,11.9,Rendah
Mahasiswa_776,9.9,3.4,Tinggi
Mahasiswa_509,4.5,6.1,Sedang
Mahasiswa_428,4.6,5.4,Sedang
Mahasiswa_455,4.8,5.8,Sedang
Mahasiswa_367,6.0,6.0,Sedang
Mahasiswa_92,3.8,11.4,Rendah
Mahasiswa_340,6.9,6.7,Sedang
Mahasiswa_898,7.1,1.3,Tinggi
Mahasiswa_565,5.1,5.5,Sedang
Mahasiswa_346,5.0,5.9,Sedang
Mahasiswa_777,9.5,4.5,Tinggi
Mahasiswa_242,2.4,10.1,Rendah
Mahasiswa_14,1.6,9.6,Rendah
Mahasiswa_316,3.1,11.5,Rendah
Mahasiswa_601,6.3,5.0,Sedang
Mahasiswa_388,6.4,5.3,Sedang
Mahasiswa_274,1.3,10.4,Rendah
Mahasiswa_167,1.0,7.6,Rendah
Mahasiswa_841,8.0,4.9,Tinggi
Mahasiswa_993,7.4,1.3,Tinggi
Mahasiswa_647,5.7,6.4,Sedang
Mahasiswa_819,8.2,1.6,Tinggi
Mahasiswa_485,5.7,6.0,Sedang
Mahasiswa_981,7.4,2.6,Tinggi
Mahasiswa_505,4.7,6.0,Sedang
Mahasiswa_832,9.8,3.0,Tinggi
Mahasiswa_244,1.1,8.4,Rendah
Mahasiswa_567,4.2,5.4,Sedang
Mahasiswa_876,8.6,1.9,Tinggi
Mahasiswa_563,6.0,6.1,Sedang
Mahasiswa_687,9.6,3.0,Tinggi
Mahasiswa_190,3.4,8.4,Rendah
Mahasiswa_783,9.5,2.7,Tinggi
Mahasiswa_700,8.9,3.8,Tinggi
Mahasiswa_476,5.8,6.3,Sedang
Mahasiswa_682,8.9,3.5,Tinggi
Mahasiswa_511,6.1,5.6,Sedang
Mahasiswa_59,3.4,7.9,Rendah
Mahasiswa_475,6.6,6.2,Sedang
Mahasiswa_561,6.7,6.9,Sedang
Mahasiswa_857,9.3,2.8,Tinggi
Mahasiswa_748,8.8,3.7,Tinggi
Mahasiswa_253,3.1,7.8,Rendah
Mahasiswa_22,1.1,11.5,Rendah
Mahasiswa_314,2.4,10.7,Rendah
Mahasiswa_460,6.3,5.3,Sedang
Mahasiswa_161,2.6,10.6,Rendah
Mahasiswa_277,2.7,9.8,Rendah
Mahasiswa_956,7.9,4.5,Tinggi
Mahasiswa_192,2.9,11.4,Rendah
Mahasiswa_386,4.3,6.7,Sedang
Mahasiswa_806,9.6,3.6,Tinggi
Mahasiswa_414,5.0,5.7,Sedang
Mahasiswa_492,4.3,5.2,Sedang
Mahasiswa_344,5.7,5.6,Sedang
Mahasiswa_770,7.5,3.1,Tinggi
Mahasiswa_309,1.2,8.4,Rendah
Mahasiswa_662,6.6,5.4,Sedang
Mahasiswa_131,2.8,12.0,Rendah
Mahasiswa_664,4.5,6.6,Sedang
Mahasiswa_872,9.3,1.0,Tinggi
Mahasiswa_100,3.7,10.9,Rendah
Mahasiswa_373,4.7,6.8,Sedang
Mahasiswa_88,2.9,7.9,Rendah
Mahasiswa_459,4.9,6.9,Sedang
Mahasiswa_331,2.1,11.9,Rendah
Mahasiswa_215,2.1,7.6,Rendah
Mahasiswa_467,7.0,6.1,Sedang
Mahasiswa_122,3.7,8.9,Rendah
Mahasiswa_615,7.0,5.8,Sedang
Mahasiswa_21,1.4,9.5,Rendah
Mahasiswa_701,7.5,1.7,Tinggi
Mahasiswa_72,2.5,8.5,Rendah
Mahasiswa_107,3.0,8.1,Rendah
Mahasiswa_271,3.9,10.0,Rendah
Mahasiswa_861,7.4,1.5,Tinggi
Mahasiswa_436,5.1,5.5,Sedang
Mahasiswa_103,2.8,7.0,Rendah
